﻿<?xml version="1.0" encoding="utf-8"?>
<VisualStyles xmlns:xsi="http://www.w3.org/2001/XMLSchema-instance" xmlns:xsd="http://www.w3.org/2001/XMLSchema">
  <SearchPoint>
    <Name>x</Name>
    <Color>
      <Html>Blue</Html>
    </Color>
    <TextPosition>
      <HorizontalPosition>RightOfPoint</HorizontalPosition>
      <VerticalPosition>AbovePoint</VerticalPosition>
    </TextPosition>
    <ShouldShowPoints>true</ShouldShowPoints>
  </SearchPoint>
  <InteriorPoint>
    <Name>punct_interior</Name>
    <Color>
      <Html>Red</Html>
    </Color>
    <TextPosition>
      <HorizontalPosition>RightOfPoint</HorizontalPosition>
      <VerticalPosition>AbovePoint</VerticalPosition>
    </TextPosition>
    <ShouldShowPoints>true</ShouldShowPoints>
  </InteriorPoint>
  <Rays>
    <Name>zona</Name>
    <Color>
      <Html>Orchid</Html>
    </Color>
    <TextPosition>
      <HorizontalPosition>LeftOfPoint</HorizontalPosition>
      <VerticalPosition>AbovePoint</VerticalPosition>
    </TextPosition>
    <ShouldShowPoints>true</ShouldShowPoints>
  </Rays>
  <ZoneToCompare>
    <Name>latura_de_comparat</Name>
    <Color>
      <Html>Green</Html>
    </Color>
    <TextPosition>
      <HorizontalPosition>LeftOfPoint</HorizontalPosition>
      <VerticalPosition>BelowPoint</VerticalPosition>
    </TextPosition>
    <ShouldShowPoints>true</ShouldShowPoints>
  </ZoneToCompare>
  <EdgeToCompare>
    <Name>latura_de_comparat</Name>
    <Color>
      <Html>Green</Html>
    </Color>
    <TextPosition>
      <HorizontalPosition>LeftOfPoint</HorizontalPosition>
      <VerticalPosition>BelowPoint</VerticalPosition>
    </TextPosition>
    <ShouldShowPoints>true</ShouldShowPoints>
  </EdgeToCompare>
</VisualStyles>