﻿<?xml version="1.0" encoding="utf-8"?>
<VisualStyles xmlns:xsi="http://www.w3.org/2001/XMLSchema-instance" xmlns:xsd="http://www.w3.org/2001/XMLSchema">
  <SearchLine>
    <Name />
    <Color>
      <Html>SpringGreen</Html>
    </Color>
    <TextPosition>
      <HorizontalPosition>RightOfPoint</HorizontalPosition>
      <VerticalPosition>BelowPoint</VerticalPosition>
    </TextPosition>
    <ShouldShowPoints>false</ShouldShowPoints>
  </SearchLine>
  <SearchPoint>
    <Name>x</Name>
    <Color>
      <Html>Blue</Html>
    </Color>
    <TextPosition>
      <HorizontalPosition>RightOfPoint</HorizontalPosition>
      <VerticalPosition>AbovePoint</VerticalPosition>
    </TextPosition>
    <ShouldShowPoints>true</ShouldShowPoints>
  </SearchPoint>
  <IntersectionPoints>
    <Name>i</Name>
    <Color>
      <Html>MidnightBlue</Html>
    </Color>
    <TextPosition>
      <HorizontalPosition>LeftOfPoint</HorizontalPosition>
      <VerticalPosition>BelowPoint</VerticalPosition>
    </TextPosition>
    <ShouldShowPoints>true</ShouldShowPoints>
  </IntersectionPoints>
  <CurrentEdge>
    <Name>latura_curentă</Name>
    <Color>
      <Html>Violet</Html>
    </Color>
    <TextPosition>
      <HorizontalPosition>LeftOfPoint</HorizontalPosition>
      <VerticalPosition>BelowPoint</VerticalPosition>
    </TextPosition>
    <ShouldShowPoints>true</ShouldShowPoints>
  </CurrentEdge>
</VisualStyles>