﻿<?xml version="1.0" encoding="utf-8"?>
<VisualStyles xmlns:xsi="http://www.w3.org/2001/XMLSchema-instance" xmlns:xsd="http://www.w3.org/2001/XMLSchema">
  <LineStatus>
    <Name>stare</Name>
    <Color>
      <Html>Magenta</Html>
    </Color>
    <TextPosition>
      <HorizontalPosition>LeftOfPoint</HorizontalPosition>
      <VerticalPosition>BelowPoint</VerticalPosition>
    </TextPosition>
    <ShouldShowPoints>true</ShouldShowPoints>
  </LineStatus>
  <IntersectionPoints>
    <Name>int</Name>
    <Color>
      <Html>ForestGreen</Html>
    </Color>
    <TextPosition>
      <HorizontalPosition>LeftOfPoint</HorizontalPosition>
      <VerticalPosition>AbovePoint</VerticalPosition>
    </TextPosition>
    <ShouldShowPoints>true</ShouldShowPoints>
  </IntersectionPoints>
  <SweepLine>
    <Name>sweep_line</Name>
    <Color>
      <Html>Coral</Html>
    </Color>
    <TextPosition>
      <HorizontalPosition>LeftOfPoint</HorizontalPosition>
      <VerticalPosition>BelowPoint</VerticalPosition>
    </TextPosition>
    <ShouldShowPoints>true</ShouldShowPoints>
  </SweepLine>
  <EventPoint>
    <Name>event_point</Name>
    <Color>
      <Html>Blue</Html>
    </Color>
    <TextPosition>
      <HorizontalPosition>LeftOfPoint</HorizontalPosition>
      <VerticalPosition>AbovePoint</VerticalPosition>
    </TextPosition>
    <ShouldShowPoints>true</ShouldShowPoints>
  </EventPoint>
  <IntersectionList>
    <Name />
    <Color>
      <Html>Gray</Html>
    </Color>
    <TextPosition>
      <HorizontalPosition>RightOfPoint</HorizontalPosition>
      <VerticalPosition>BelowPoint</VerticalPosition>
    </TextPosition>
    <ShouldShowPoints>false</ShouldShowPoints>
  </IntersectionList>
  <NewEventPoint>
    <Name>new_event</Name>
    <Color>
      <Html>Olive</Html>
    </Color>
    <TextPosition>
      <HorizontalPosition>LeftOfPoint</HorizontalPosition>
      <VerticalPosition>AbovePoint</VerticalPosition>
    </TextPosition>
    <ShouldShowPoints>true</ShouldShowPoints>
  </NewEventPoint>
  <SegmentIntersectionTest>
    <Name>test</Name>
    <Color>
      <Html>Gold</Html>
    </Color>
    <TextPosition>
      <HorizontalPosition>LeftOfPoint</HorizontalPosition>
      <VerticalPosition>AbovePoint</VerticalPosition>
    </TextPosition>
    <ShouldShowPoints>true</ShouldShowPoints>
  </SegmentIntersectionTest>
</VisualStyles>